mutant,kcat/km neutral,,,
T178R *,"23,128.092614",,,
N223H *,"23,870.716511",,,
L219A *,"25,426.406348",,,
W120F ,"29,340.796020",,,
C167A *,"30,376.404494",,,
WT 10_2 *,"31,628.482972",,,
Y294A *,"34,718.614719",,,
Q284R *,"38,211.265080",,,
C167A *,"38,227.969349",,,
S14A *,"38,822.750546",,,
N220A *,"39,425.511198",,,
M323A *,"44,477.739726",,,
T218A *,"71,281.657713",,,
WT3  *,"72,114.551058",,,
L171A *,"72,750.225428",,,
S17A *,"82,762.867493",,,
V55G *,"83,370.703919",,,
M221A *,"86,276.639328",,,
E17S ,"87,595.628415",,,
E180L *,"87,850.225952",,,
E180K *,"89,601.162603",,,
M361T *,"90,241.072393",,,
H178A*,"99,717.514124",,,
WT 10_1 *,"100,587.107596",,,
C167Q ,"103,656.762934",,,
WT10 *,"104,608.632041",,,
WT 7 *,"111,257.030511",,,
H373R *,"112,169.148070",,,
F75A ,"112,223.674595",,,
A356A *,"114,946.823800",,,
WT5 *,"118,695.505115",,,
L174R *,"120,160.810006",,,
Y297F *,"122,749.290129",,,
E426S ,"125,527.755965",,,
I247N *,"126,173.872617",,,
E222A*,"143,601.214251",,,
WT4  *,"145,798.964085",,,
I303N *,"154,742.245035",,,
Q313R *,"162,199.604184",,,
A357A ,"163,777.922747",,,
WT 8 *,"164,048.582996",,,
E177A ,"164,806.149733",,,
WT9  *,"171,842.207540",,,
I91E *,"181,522.406384",,,
A195S *,"185,557.515187",,,
S334A *,"188,289.534348",,,
K344A *,"191,688.490395",,,
WT6 *,"196,628.730943",,,
WT2  *,"199,811.885585",,,
Q316R ,"222,504.838264",,,
T178R *,"223,016.977456",,,
E154D *,"254,220.899629",,,
K413A ,"285,768.627486",,,
A408A ,"337,238.685964",,,
R240A*,"742,255.393109",,,
E406A*,,,,
S400A *,"164,813.664596",,,
R76A *,192.444584,,,
S16A *,,,,
E53A,,,,