mutant,km >10x,,,
Q22S *,0.05723,,,
W402C *,0.06023,,,
W120A*,0.06668,,,
W407Q,0.06946,,,
H122E ,0.16739,,,
W407R ,0.18350,,,
W407G ,1.12600,,,
,,,,
,,,,