mutant,km neutral,,,
E53A,,,,
E222A*,0.00063,,,
E164A,0.00101,,,
W325A*,0.00161,,,
W407Q ,0.00185,,,
I247N *,0.00215,,,
Y169P *,0.00224,,,
F405A *,0.00273,,,
K413A ,0.00292,,,
W328H *,0.00308,,,
S400A *,0.00322,,,
I91E *,0.00326,,,
L174R *,0.00336,,,
E154D *,0.00345,,,
WT2  *,0.00346,,,
Q313R *,0.00354,,,
T178R *,0.00359,,,
Q316R ,0.00362,,,
E426S ,0.00413,,,
W328C *,0.00418,,,
A357A ,0.00433,,,
S334A *,0.00434,,,
A408A ,0.00435,,,
I303N *,0.00448,,,
Y294A *,0.00462,,,
WT6 *,0.00466,,,
C167Q ,0.00481,,,
M361T *,0.00483,,,
WT 8 *,0.00494,,,
H315N ,0.00497,,,
A195S *,0.00510,,,
N223H *,0.00514,,,
WT9  *,0.00515,,,
W328L *,0.00533,,,
WT5 *,0.00543,,,
K344A *,0.00546,,,
F75A ,0.00547,,,
WT10 *,0.00547,,,
N354A *,0.00569,,,
S17A *,0.00587,,,
W325L ,0.00595,,,
E177A ,0.00598,,,
Y297F *,0.00599,,,
G355A ,0.00606,,,
E180K *,0.00619,,,
H379R *,0.00624,,,
WT4  *,0.00628,,,
H373R *,0.00631,,,
M221A *,0.00642,,,
V147S *,0.00645,,,
T218A *,0.00652,,,
WT 7 *,0.00658,,,
A356A *,0.00696,,,
E17S ,0.00732,,,
H178A ,0.00741,,,
W407A *,0.00759,,,
E180L *,0.00775,,,
L219A *,0.00777,,,
V55G *,0.00825,,,
S14A *,0.00825,,,
WT 10_1 *,0.00835,,,
N293A*,0.00932,,,
M323A *,0.00934,,,
N404A *,0.00942,,,
WT3  *,0.00965,,,
Q284R *,0.00968,,,
R240A*,0.00978,,,
M261E *,0.01012,,,
N220A *,0.01027,,,
C167A *,0.01044,,,
H178A*,0.01062,,,
N407A  ,0.01095,,,
T296A *,0.01105,,,
L171A *,0.01109,,,
N163A ,0.01195,,,
Y295A ,0.01295,,,
R76A *,0.01353,,,
S19A * ,0.01401,,,
T352A *,0.01426,,,
H119A ,0.01510,,,
N166D *,0.01540,,,
W120F ,0.01608,,,
WT 10_2 *,0.01615,,,
W399A *,0.01665,,,
M223G ,0.01733,,,
C167A *,0.01780,,,
F415A *,0.02075,,,
T178R *,0.02311,,,
H122N ,0.02325,,,
C167N+W120R,0.02620,,,
P329W *,0.02717,,,
Y18A *,0.03154,,,
Q19A*,0.03219,,,
M323K ,0.03264,,,
N220D+N293D,0.03406,,,
E406D ,0.03413,,,
W409A*,0.03991,,,
R240A_1*,0.04170,,,
D403A *,0.04405,,,
R240A_2*,0.04457,,,