sample,kcat
e164a,0.191304992438535
w399a,0.235169638919635
g355a,1.01770711262855
f415a,1.3225119769782
h119n,1.89696276290508
h379r,2.37383349724633
r76a,2.60453333501781
w399c,2.71462737630184
n354a,2.94676289233099
n404a,3.70489626911216
v147s,4.55825806445322
n163a,6.66235154637538
w325c,10.4598346351833
w407a,11.4131069735059
e222y,11.7269679315915
n163d,11.9831009285424
n293a,12.7037945105497
n163c,25.8405358347496
y166p,26.5156746852869
w325a,29.406271902904
w325h,34.9362176695914
e406d,39.102685446046
e222r,42.3185161156852
n407a,49.5185515497858
t352a,59.5144946401341
m261e,61.6338338505221
w120h,84.0752617214293
e222a,89.8790119321184
e222k,107.998419611099
w325l,108.505300865767
t296a,109.415041245596
h178a,112.761626612123
n220h,122.611896230873
h119a,143.235153715366
m223g,153.673144505746
s16a,154.044417926581
e222h,159.713181488509
y294a,165.550512452557
y18a,196.541781584215
l219a,198.723134021715
i244n,271.43881142253
r240d,282.270171749843
s14a,320.474834544655
q284r,369.775117942232
l171r,403.472169204694
n220a,404.924990415163
m323a,415.572440408025
m358t,436.149673721111
t218a,464.359883529945
w120f,471.772854279614
c167a,478.943319360982
i244e,496.637175021274
c167q,503.672186573235
s400a,530.68186189222
m221a,547.090011006134
e177k,554.938729900119
f75a,613.345736979766
e17s,641.188286833618
e423s,645.63737745163
e222q,667.634514207317
e177l,669.545893571901
v52g,687.494510124562
q313r,689.253016880944
i300n,693.375887331392
a357a,695.172461444313
h373r,707.355486319771
y294f,734.890555541787
a356a,799.77683627737
t175r,801.263822686257
l171a,806.787061930939
s298e,809.167466286445
s331a,816.802399673974
k413a,834.751193893913
i91e,846.138775383559
s17a,848.446964248042
e154d,878.077561016322
wt,884.267624164152
r240k,898.312827483535
a192s,945.84472598644
e177a,986.184001953766
k341a,1045.89406176319
h101r,1059.11489008101
a408a,1467.94162960629
r240a,11010.5842944104