mutant,kcat/km <10x,,,
W407G ,0.951155,below the limit of detection ND,,
H122E ,2.651667,,,
Q19A*,11.205840,,,
Q22S *,12.593130,,,
C167N+W120R,13.712595,,,
P329W *,14.090173,,,
W399A *,14.124542,,,
W407Q,14.346098,,,
Y295A ,19.140123,,,
N220D+N293D,25.284531,,,
D403A *,27.027469,,,
W402C *,40.233907,,,
M323K ,42.466912,,,
F415A *,67.425391,,,
H122N ,81.681556,,,
F405A *,132.567498,,,
G355A ,169.489685,,,
W407Q ,182.050297,,,
E164A,190.315460,,,
H379R *,380.507286,,,
N404A *,393.496376,,,
N354A *,529.835270,,,
N163A ,557.735051,,,
V147S *,706.410975,,,
N166D *,723.246685,,,
W120A*,989.880313,,,
E406D ,"1,145.731929",,,
N293A*,"1,338.313479",,,
W407A *,"1,501.531365",,,
W328C *,"2,503.630556",,,
R240A_2*,"3,211.296163",,,
T352A *,"4,174.132895",,,
N407A  ,"4,494.239257",,,
M261E *,"6,090.220356",,,
Y18A *,"6,230.400373",,,
M223G ,"8,295.860759",,,
H119A ,"9,483.443709",,,
H315N ,"9,595.654798",,,
T296A *,"9,900.452489",,,
S19A * ,"10,996.544660",,,
R240A_1*,"11,239.808153",,,
Y169P *,"11,249.442213",,,
W328H *,"11,355.627928",,,
H178A ,"14,952.766532",,,
W325L ,"18,241.425689",,,
W325A*,"18,244.416873",,,
W328L *,"20,023.777990",,,