sample,err_kcat,err_kcat/km,err_ki,err_km,kcat,kcat/km,ki,km,seq,yield
f415n(1),,2.60954472751,,,,56.1606953052,,,415n(1,0.06
h178r,1.92032369516,2695.69280973,,0.000514294759788,48.1363117119,15666.3123019,,0.00307260003403,178,0.39
h315e(1),16.7583407529,16322.5113765,,0.00127291032027,219.99235824,52303.2151259,,0.00420609627362,315e(1,0.15
l362m,12.7271781477,7129.83348009,,0.00065625533245,473.165539921,70399.2266411,,0.00672117525287,362,0.12
n220r(1),0.355791612132,58.5782044401,,0.00225988190751,8.19777588049,447.729342943,,0.0183096685748,220r(1,0.13
n220y(1),4.8207279535,73593.9913274,,2.53043579064e-05,384.617687702,1049096.75095,,0.000366617938099,220y(1,0.20
n293c,0.603349703577,74.9970523045,,0.00489432990584,7.52329717459,328.531777327,,0.0228997548907,293,0.10
n293d(1),,0.655716989318,,,,5.83974824269,,,293d(1,0.08
n293q(1),2.45806754117,44.6306084478,,0.0222634266995,18.4666085684,177.264424951,,0.104175491351,293q(1,0.10
s16n,,0.64625339196,,,,11.1572144973,,,16,0.13
"w399r(1),pt.1",,6.12061845057,,,,28.0902638897,,,"399r(1),pt.",0.10
w409y(1),22.2850137396,30320.4606986,,0.000642331979559,457.407056608,144906.411134,,0.00315656880208,409y(1,0.14
wt,9.83229609898,18844.0778711,,0.000375973989079,268.608465817,114565.412953,,0.00234458602203,,0.16
y294f(1),8.99014492068,5215.07033694,,0.000308122409427,695.488554525,106552.360313,,0.00652719989008,294f(1,0.15
