,sample,yield,kcat,err1,km,err2,slope,std_err,R,seq,newaa,oldaa
20,e406a,0.5670000000000001,0.9829859213818514,0.3175782343562921,0.12121094157781415,0.05997942431543595,4.737925202272077,0.21685011401022652,0.9846498055523629,406,a,e
21,e406d,0.271,39.102685446046095,1.254061136414878,0.034128626659604644,0.002574434911249094,358.1434009918741,20.63962705371294,0.9653546222161518,406,d,e
23,e53a,0.56,83380.42642228017,7757143508.7299795,40164.09743459539,3736599086.0950365,1.9635647717418117,0.11981356882522265,0.9614000849698532,53,a,e
30,h119e,0.249,0.6818220974637612,0.15169002079353605,0.17679796337182385,0.053479296367996136,2.6994586457218674,0.0770957905337673,0.9915440697658832,119,e,h
55,n220d+n293d,0.206,0.8610879117941231,0.04818516345163415,0.03405535805890148,0.004485483123213268,7.9465280816111745,0.5047731306717914,0.9583677010211616,220+293,d,n
62,q19a,0.257,0.3607158502887165,0.033516328816317845,0.03219018656304075,0.007549412188217024,3.2941575182696914,0.2233469331004164,0.9549672927972308,19,a,q
63,q19c,0.404,12682950.548436586,38751881161634.81,1751396.374762973,5351271205699.481,7.957211962445927,0.25616660267783786,0.9897944833724991,19,c,q
64,q19s,0.431,0.7207672824068808,0.08452559293907906,0.057234957206191026,0.013225401329867008,5.4440551595919695,0.2772660213355856,0.9726332742863996,19,s,q
85,w120h,1.0,84.07526172142936,2.4042361806025427,0.08917658887206087,0.004308855303836936,509.91800101954453,13.41379924173554,0.9924738801014285,120,h,w
92,w399c,0.847,2.7146273763018463,0.12609712057497907,0.0703318123218231,0.005886288522096271,18.636612997485027,0.472976088404407,0.9858156512997326,399,c,w
94,w399s,1.5,0.2124273880074482,0.0349766434971745,0.03160953898732926,0.011815700622890038,1.8126937202171285,0.1081813489549272,0.9710345695123628,399,s,w
114,y18a,0.172,196.52768404979028,9.293371971822982,0.031543406470033016,0.0035993804244097314,1846.520042405021,116.98394260636907,0.9585735127676936,18,a,y
