,sample,yield,kcat,err1,km,err2,slope,std_err,R,seq,newaa,oldaa
7,d403a,0.12,1.1905551832640404,0.21157733709354049,0.044051524086320286,0.016899087280764183,10.0884868371781,0.8487919878717595,0.9330519546728528,403,a,d
18,e222r,0.151,42.31851611568529,1.8730847443156973,0.0024751013971823343,0.00044240763577322304,473.71839288472086,132.35156667943895,0.6155485141502087,222,r,e
24,f405a,0.113,0.3608499060133481,0.05013260483280134,0.0027162169025068657,0.001424917226117558,5.5359696516222945,1.4079538028061933,0.6698034989069225,405,a,f
33,h315n,0.083,47.69790419614727,0.43263503690819854,0.0049709681335960995,0.0001736806900266682,565.7208222668169,85.58261088933344,0.8155488282397432,315,n,h
35,h379r,0.138,2.3744316681721327,0.08666960822875577,0.00624017358216799,0.0008394034191009169,28.43316647402463,3.456946078831503,0.8686772340775905,379,r,h
47,m261e,0.107,61.6338338505221,4.963316390031051,0.010120539956803344,0.0027037410838734897,701.5614095500275,72.95073428288353,0.8987966148551375,261,e,m
49,m323k,0.051,1.3861165094693657,0.41621550872743096,0.03264486434019598,0.023391755102870983,12.475470797076323,1.8792839124234888,0.8167084490855222,323,k,m
70,r76a,0.103,2.604533335017817,0.15947574214193894,0.013533565557329982,0.0025577166201313554,28.724479220115768,2.660919300761813,0.917164440089878,76,a,r
83,w120a,0.16,66.00719909971707,1.88009511084901,0.06668234410002558,0.003546920861829522,465.2879831743982,15.947998469901671,0.9873222858262556,120,a,w
90,w34a,0.1,0.5175749147291396,0.2717838544787738,0.046316978437726496,0.04862117457949704,3.5477432804924187,0.6946294123245889,0.7443132281828896,34,a,w
95,w407a,0.125,11.399309317413664,0.4858766597848073,0.00759178887068795,0.0011450445766723115,131.65176528901566,17.167995765439176,0.8530765414468401,407,a,w
97,w407q,0.104,0.4530610410162955,0.07970559694836397,0.008074717991394005,0.004749747017083295,5.0533461450935455,0.8967634193966204,0.6432056498562938,407,q,w
98,w407r,0.154,0.9599701777832956,0.8279595229932487,0.16723490782585004,0.1987422363411624,3.991906948230798,0.4142909887800095,0.903070133291236,407,r,w
99,w409a,0.103,0.4023669254240913,0.12757979670311034,0.031134019973254982,0.023919580487949645,3.20239449739076,0.4769463887419073,0.8197846698124684,409,a,w
